Workbook

Sheet campaign_data
A1: Campaign_ID | B1: Campaign | C1: Channel | D1: Spend_INR | E1: Impressions | F1: Clicks | G1: Conversions | H1: Revenue_INR | I1: Data_Status | J1: Net_Return_INR | K1: ROI_Percent | L1: Conversion_Rate_Percent | M1: Cost_Per_Conversion_INR
A2: C001 | B2: Summer Sale | C2: Email | D2: 10000 | E2: 50000 | F2: 5000 | G2: 500 | H2: 30000 | I2: SIMULATED | J2: =VALUE(H2)-VALUE(D2) -> 20000 | K2: =IFERROR(J2/D2*100,0) -> 200 | L2: =IFERROR(G2/F2*100,0) -> 10 | M2: =IFERROR(D2/G2,0) -> 20
A3: C002 | B3: Brand Awareness | C3: Social Media | D3: 20000 | E3: 100000 | F3: 8000 | G3: 400 | H3: 32000 | I3: SIMULATED | J3: =VALUE(H3)-VALUE(D3) -> 12000 | K3: =IFERROR(J3/D3*100,0) -> 60 | L3: =IFERROR(G3/F3*100,0) -> 5 | M3: =IFERROR(D3/G3,0) -> 50
A4: C003 | B4: Product Promotion | C4: Search Ads | D4: 25000 | E4: 75000 | F4: 6000 | G4: 600 | H4: 45000 | I4: SIMULATED | J4: =VALUE(H4)-VALUE(D4) -> 20000 | K4: =IFERROR(J4/D4*100,0) -> 80 | L4: =IFERROR(G4/F4*100,0) -> 10 | M4: =IFERROR(D4/G4,0) -> 41.666667
A5: C004 | B5: Retargeting | C5: Display Ads | D5: 15000 | E5: 120000 | F5: 3000 | G5: 150 | H5: 18000 | I5: SIMULATED | J5: =VALUE(H5)-VALUE(D5) -> 3000 | K5: =IFERROR(J5/D5*100,0) -> 20 | L5: =IFERROR(G5/F5*100,0) -> 5 | M5: =IFERROR(D5/G5,0) -> 100
A6: C005 | B6: Festive Offer | C6: Email | D6: 12000 | E6: 60000 | F6: 6000 | G6: 540 | H6: 24000 | I6: SIMULATED | J6: =VALUE(H6)-VALUE(D6) -> 12000 | K6: =IFERROR(J6/D6*100,0) -> 100 | L6: =IFERROR(G6/F6*100,0) -> 9 | M6: =IFERROR(D6/G6,0) -> 22.222222
A7: C006 | B7: Lead Generation | C7: Social Media | D7: 18000 | E7: 90000 | F7: 7200 | G7: 360 | H7: 27000 | I7: SIMULATED | J7: =VALUE(H7)-VALUE(D7) -> 9000 | K7: =IFERROR(J7/D7*100,0) -> 50 | L7: =IFERROR(G7/F7*100,0) -> 5 | M7: =IFERROR(D7/G7,0) -> 50
A8: C007 | B8: High Intent Search | C8: Search Ads | D8: 30000 | E8: 90000 | F8: 9000 | G8: 900 | H8: 54000 | I8: SIMULATED | J8: =VALUE(H8)-VALUE(D8) -> 24000 | K8: =IFERROR(J8/D8*100,0) -> 80 | L8: =IFERROR(G8/F8*100,0) -> 10 | M8: =IFERROR(D8/G8,0) -> 33.333333
A9: C008 | B9: Remarketing | C9: Display Ads | D9: 10000 | E9: 80000 | F9: 2400 | G9: 120 | H9: 14000 | I9: SIMULATED | J9: =VALUE(H9)-VALUE(D9) -> 4000 | K9: =IFERROR(J9/D9*100,0) -> 40 | L9: =IFERROR(G9/F9*100,0) -> 5 | M9: =IFERROR(D9/G9,0) -> 83.333333
A10: C009 | B10: Customer Retention | C10: Email | D10: 8000 | E10: 40000 | F10: 4000 | G10: 440 | H10: 20000 | I10: SIMULATED | J10: =VALUE(H10)-VALUE(D10) -> 12000 | K10: =IFERROR(J10/D10*100,0) -> 150 | L10: =IFERROR(G10/F10*100,0) -> 11 | M10: =IFERROR(D10/G10,0) -> 18.181818
A11: C010 | B11: Video Promotion | C11: Social Media | D11: 22000 | E11: 110000 | F11: 6600 | G11: 330 | H11: 35000 | I11: SIMULATED | J11: =VALUE(H11)-VALUE(D11) -> 13000 | K11: =IFERROR(J11/D11*100,0) -> 59.090909 | L11: =IFERROR(G11/F11*100,0) -> 5 | M11: =IFERROR(D11/G11,0) -> 66.666667

Sheet Channel_Summary
A1: Channel | B1: Total_Spend_INR | C1: Total_Revenue_INR | D1: Overall_ROI_Percent
A2: Email | B2: =SUMIF(campaign_data!C:C,A2,campaign_data!D:D) -> 30000 | C2: =SUMIF(campaign_data!C:C,A2,campaign_data!H:H) -> 74000 | D2: =IFERROR((C2-B2)/B2*100,0) -> 146.66667
A3: Social Media | B3: =SUMIF(campaign_data!C:C,A3,campaign_data!D:D) -> 60000 | C3: =SUMIF(campaign_data!C:C,A3,campaign_data!H:H) -> 94000 | D3: =IFERROR((C3-B3)/B3*100,0) -> 56.666667
A4: Search Ads | B4: =SUMIF(campaign_data!C:C,A4,campaign_data!D:D) -> 55000 | C4: =SUMIF(campaign_data!C:C,A4,campaign_data!H:H) -> 99000 | D4: =IFERROR((C4-B4)/B4*100,0) -> 80
A5: Display Ads | B5: =SUMIF(campaign_data!C:C,A5,campaign_data!D:D) -> 25000 | C5: =SUMIF(campaign_data!C:C,A5,campaign_data!H:H) -> 32000 | D5: =IFERROR((C5-B5)/B5*100,0) -> 28
